"id","name","full_name","owner_userfk","description","size","created_at","updated_at"
"15409820","pyethereum","ethereum/pyethereum","6250754","Next generation cryptocurrency network","5648","2013-12-24 02:40:05","2023-08-24 05:46:28"
"15452919","go-ethereum","ethereum/go-ethereum","6250754","Official Go implementation of the Ethereum protocol","207653","2013-12-26 13:05:46","2023-08-30 17:23:18"
"15460666","aleth","ethereum/aleth","6250754","Aleth – Ethereum C++ client, tools and libraries","58058","2013-12-26 21:26:06","2023-08-30 15:38:26"
"15540967","tests","ethereum/tests","6250754","Common tests for all Ethereum implementations","390239","2013-12-31 02:09:03","2023-08-29 14:01:49"
"16421767","www","ethereum/www","6250754","[ARCHIVED] Ethereum website from 2015","83092","2014-01-31 21:49:31","2023-01-28 17:15:39"
"16852060","wiki","ethereum/wiki","6250754","The Ethereum Wiki","3763","2014-02-14 23:05:17","2023-08-30 16:48:48"
"16862859","economic-modeling","ethereum/economic-modeling","6250754","","167","2014-02-15 13:02:16","2023-07-02 09:53:46"
"17008024","news","ethereum/news","6250754","","2325","2014-02-20 03:29:25","2023-01-28 00:47:06"
"17530284","homebrew-ethereum","ethereum/homebrew-ethereum","6250754","Homebrew Tap for Ethereum","1479","2014-03-07 23:10:47","2023-08-24 04:39:43"
"18354202","yellowpaper","ethereum/yellowpaper","6250754","The ""Yellow Paper"": Ethereum's formal specification","3655","2014-04-02 04:09:12","2023-08-30 14:42:32"
"18966798","tryethereum","ethereum/tryethereum","6250754","Try Ethereum with an online interface","595","2014-04-20 15:08:53","2023-03-09 10:45:21"
"19730456","ethereumj","ethereum/ethereumj","6250754","DEPRECATED! Java implementation of the Ethereum yellowpaper. For JSON-RPC and other client features check Ethereum Harmony","47979","2014-05-13 07:50:14","2023-08-30 01:48:53"
"20028881","go-build","ethereum/go-build","6250754","Build scripts for Ethereum Go","10400","2014-05-21 16:41:33","2022-12-07 09:02:48"
"20968994","pyethsaletool","ethereum/pyethsaletool","6250754","","487","2014-06-18 16:14:09","2023-06-01 04:53:11"
"21604507","ethereum-dockers","ethereum/ethereum-dockers","6250754","Docker images for Ethereum","69","2014-07-08 08:13:58","2023-08-20 11:34:58"
"21611069","ethereum-buildbot","ethereum/ethereum-buildbot","6250754","Ethereum Buildbot","554","2014-07-08 12:03:31","2022-11-27 13:05:47"
"21793116","serpent","ethereum/serpent","6250754","","3480","2014-07-13 15:10:37","2023-08-17 19:09:49"
"22434378","mining","ethereum/mining","6250754","","108","2014-07-30 15:48:06","2023-03-08 10:40:36"
"22730041","dapp-bin","ethereum/dapp-bin","6250754","A place for all the ÐApps to live","801","2014-08-07 17:27:43","2023-08-26 13:38:14"
"23288089","foundation-archived","ethereum/foundation-archived","6250754","[ARCHIVED] ethereum.foundation","5699","2014-08-24 17:53:04","2023-06-17 15:28:01"
"24958459","node-ethereum","ethereum/node-ethereum","6250754","[DEPRECATED] a simple standalone or embeddable Ethereum client written for Node.js","840","2014-10-08 20:07:16","2023-03-09 10:29:40"
"25855672","ethereum-ppa","ethereum/ethereum-ppa","6250754","Ethereum PPA configurations","300","2014-10-28 06:12:05","2022-12-20 19:16:21"
"26193405","serpent-go","ethereum/serpent-go","6250754","Serpent Go","231","2014-11-04 23:21:47","2022-05-27 00:13:34"
"26857352","ethdev-site","ethereum/ethdev-site","6250754","","10551","2014-11-19 11:00:13","2023-01-28 11:00:30"
"27220784","system-testing","ethereum/system-testing","6250754","Ethereum system-testing","1089","2014-11-27 10:40:10","2023-05-23 16:48:35"
"27389385","evmjit","ethereum/evmjit","6250754","The Ethereum EVM JIT","2050","2014-12-01 16:55:51","2023-08-24 20:15:45"
"28040436","emacs-solidity","ethereum/emacs-solidity","6250754","The official solidity-mode for EMACS","166","2014-12-15 14:37:03","2023-08-23 10:04:03"
"29190606","ethereum.org","ethereum/ethereum.org","6250754","[ARCHIVED] Ethereum website from 2015","25100","2015-01-13 13:16:20","2023-08-06 21:01:14"
"29512034","devp2p","ethereum/devp2p","6250754","Ethereum peer-to-peer networking specifications","611","2015-01-20 04:40:59","2023-08-30 08:17:36"
"30168183","dapp-styles","ethereum/dapp-styles","6250754","","1446","2015-02-02 02:40:08","2023-01-11 20:30:43"
"30168193","meteor-dapp-whisper-chat-client","ethereum/meteor-dapp-whisper-chat-client","6250754","","26623","2015-02-02 02:40:30","2023-06-01 20:00:37"
"30197536","meteor-dapp-wallet","ethereum/meteor-dapp-wallet","6250754","This is an archived repository of one of the early Ethereum wallets.","18566","2015-02-02 16:59:12","2023-07-10 01:57:42"
"30202812","cpp-ethash","ethereum/cpp-ethash","6250754","","88","2015-02-02 19:00:41","2022-03-20 22:59:37"
"30313032","ethash","ethereum/ethash","6250754","","2373","2015-02-04 18:02:45","2023-06-26 21:05:34"
"30544312","meteor-package-elements","ethereum/meteor-package-elements","6250754","","1473","2015-02-09 16:05:22","2023-03-09 10:32:19"
"30604909","meteor-dapp-catalog","ethereum/meteor-dapp-catalog","6250754","","1722","2015-02-10 17:40:22","2021-12-23 17:15:16"
"30766886","meteor-package-tools","ethereum/meteor-package-tools","6250754","","46","2015-02-13 17:17:37","2022-12-20 19:05:09"
"30830121","profiling","ethereum/profiling","6250754","","1000","2015-02-15 14:46:35","2022-03-20 22:59:37"
"31552913","rpc-tests","ethereum/rpc-tests","6250754","","560","2015-03-02 17:27:52","2023-08-21 21:11:04"
"31606079","natspec.js","ethereum/natspec.js","6250754","Javascript Library used to evaluate natspec expressions","568","2015-03-03 15:41:05","2023-04-17 07:19:40"
"31766405","common","ethereum/common","6250754","Resources common to all Ethereum implementations","756","2015-03-06 11:26:34","2021-12-23 12:51:29"
"32090358","pyrlp","ethereum/pyrlp","6250754","The python RLP serialization library","346","2015-03-12 17:14:06","2023-08-28 18:40:34"
"32406040","ethereum-org","ethereum/ethereum-org","6250754","[ARCHIVED] ethereum.org website from 2016-2019. See https://github.com/ethereum/ethereum-org-website for current version.","190458","2015-03-17 16:35:38","2023-08-28 10:11:17"
"33431398","pyethapp","ethereum/pyethapp","6250754","","1502","2015-04-05 05:26:13","2023-08-19 16:06:54"
"33431431","pydevp2p","ethereum/pydevp2p","6250754","Python Implementation of the Ethereum P2P stack","508","2015-04-05 05:27:20","2023-04-22 22:35:57"
"33547857","ecp","ethereum/ecp","6250754","Ethereum chain parser","152","2015-04-07 14:23:15","2023-05-31 23:50:19"
"33814737","cpp-dependencies","ethereum/cpp-dependencies","6250754","download, compile && prepare cpp-ethereum dependencies for windows","77","2015-04-12 11:46:18","2022-01-03 15:28:29"
"34854921","frontier-guide","ethereum/frontier-guide","6250754","","2023","2015-04-30 13:08:43","2023-01-28 00:47:06"
"35488224","gethkey","ethereum/gethkey","6250754","","1366","2015-05-12 13:05:00","2023-01-28 18:05:25"
"35558434","gav","ethereum/gav","6250754","Need Gav to do something? File an issue.","0","2015-05-13 15:49:32","2023-01-28 21:09:21"
"35821593","vim-solidity","ethereum/vim-solidity","6250754","Vim syntax file for solidity","7","2015-05-18 14:08:49","2022-12-01 18:39:49"
"37201011","mist","ethereum/mist","6250754","[DEPRECATED] Mist. Browse and use Ðapps on the Ethereum network.","430334","2015-06-10 14:09:06","2023-08-30 04:46:38"
"37251187","btcrelay","ethereum/btcrelay","6250754","Ethereum contract for Bitcoin SPV: Live on https://etherscan.io/address/0x41f274c0023f83391de4e0733c609df5a124c3d4","61750","2015-06-11 09:14:47","2023-08-21 19:11:36"
"38430716","meteor-package-accounts","ethereum/meteor-package-accounts","6250754","","33","2015-07-02 12:11:23","2022-12-22 16:48:37"
"39122794","meteor-package-blocks","ethereum/meteor-package-blocks","6250754","","17","2015-07-15 07:29:42","2022-12-28 12:26:00"
"39619787","genesis_block_generator","ethereum/genesis_block_generator","6250754","","170","2015-07-24 08:09:29","2023-08-29 09:49:44"
"39623271","solidity.js","ethereum/solidity.js","6250754","","136","2015-07-24 09:24:18","2023-01-28 21:09:21"
"40890707","alethzero","ethereum/alethzero","6250754","Former home of AlethZero, AlethOne and AlethFive (cpp-ethereum)","3100","2015-08-17 11:54:33","2023-01-28 21:09:22"
"40892643","mix","ethereum/mix","6250754","The Mix Ethereum Dapp Development Tool","10605","2015-08-17 12:24:30","2023-07-11 13:51:33"
"40892817","solidity","ethereum/solidity","6250754","Solidity, the Smart Contract Programming Language","71985","2015-08-17 12:27:26","2023-08-30 18:34:59"
"40893529","cpp-ethereum-cmake","ethereum/cpp-ethereum-cmake","6250754","CMake support files for the C++ (Turbo) Ethereum projects","516","2015-08-17 12:38:35","2023-07-24 05:32:44"
"40898078","webthree","ethereum/webthree","6250754","Submodule of the Ethereum C++ implementation, please see webthree-umbrella.","872","2015-08-17 13:43:29","2022-02-12 10:31:54"
"40898294","libwhisper","ethereum/libwhisper","6250754","Ultra-private messaging and signalling system.","120","2015-08-17 13:46:16","2022-12-24 23:12:11"
"40898381","libethereum","ethereum/libethereum","6250754","Former home of libethereum (part of cpp-ethereum)","16304","2015-08-17 13:47:28","2023-01-28 21:09:22"
"41007839","populus","ethereum/populus","6250754","The Ethereum development framework with the most cute animal pictures","1903","2015-08-19 02:04:13","2023-08-04 04:10:01"
"41029036","devcommon","ethereum/devcommon","6250754","Common development infrastructure for Webthree stuff.","132","2015-08-19 11:00:05","2022-03-20 23:00:50"
"41490099","ethbot","ethereum/ethbot","6250754","","100","2015-08-27 14:03:28","2023-01-28 00:47:06"
"42070294","libweb3core","ethereum/libweb3core","6250754","Former home of libweb3core (part of cpp-ethereum)","6739","2015-09-07 19:16:39","2023-01-28 21:09:22"
"42070420","webthree-umbrella","ethereum/webthree-umbrella","6250754","Former home of cpp-ethereum (Oct 2015 to Aug 2016)","34639","2015-09-07 19:19:49","2023-08-19 16:07:02"
"42104834","webthree-helpers","ethereum/webthree-helpers","6250754","Former home of webthree-helpers (part of cpp-ethereum)","542","2015-09-08 10:07:24","2022-02-12 10:31:52"
"42808596","research","ethereum/research","6250754","","37438","2015-09-20 10:13:12","2023-08-30 03:24:34"
"43509852","ethereum-docs","ethereum/ethereum-docs","6250754","","6369","2015-10-01 17:18:47","2022-03-20 23:02:03"
"43958461","blockies","ethereum/blockies","6250754","<1k library that generates blocky identicons","256","2015-10-09 13:56:37","2023-08-12 10:15:14"
"44971752","EIPs","ethereum/EIPs","6250754","The Ethereum Improvement Proposal repository","57768","2015-10-26 13:57:23","2023-08-30 16:46:45"
"48996566","homestead-guide","ethereum/homestead-guide","6250754","","3652","2016-01-04 12:46:27","2023-08-22 21:05:28"
"51142791","diary","ethereum/diary","6250754","Archive of The Ethereum Developer logs by Jeffrey Wilcke","20","2016-02-05 11:26:53","2023-06-13 15:30:52"
"52029699","bench","ethereum/bench","6250754","","28","2016-02-18 18:40:39","2023-01-27 23:19:23"
"52113942","eth-abi","ethereum/eth-abi","6250754","Ethereum ABI utilities for python","1049","2016-02-19 20:18:56","2023-08-18 09:01:20"
"52874135","ethereum-console","ethereum/ethereum-console","6250754","Commandline console for Ethereum nodes","51","2016-03-01 12:11:53","2023-07-25 11:32:15"
"55413205","solc-bin","ethereum/solc-bin","6250754","This repository contains current and historical builds of the Solidity Compiler.","5708542","2016-04-04 13:27:04","2023-08-27 15:53:47"
"55413578","solc-js","ethereum/solc-js","6250754","Javascript bindings for the Solidity compiler","655","2016-04-04 13:32:01","2023-08-26 09:51:38"
"55957418","remix","ethereum/remix","6250754","This has been moved to https://github.com/ethereum/remix-project","17684","2016-04-11 09:05:03","2023-08-14 07:28:44"
"56251096","web3.py","ethereum/web3.py","6250754","A python interface for interacting with the Ethereum blockchain and ecosystem.","26655","2016-04-14 15:59:35","2023-08-30 15:02:10"
"56328380","leveldb","ethereum/leveldb","6250754","Bitcoin's LevelDB branch","18034","2016-04-15 14:58:55","2023-04-18 06:37:10"
"56711315","jenkins-docker","ethereum/jenkins-docker","6250754","Docker official jenkins repo","125","2016-04-20 18:35:42","2022-10-27 22:01:11"
"58553777","cpp-dependencies-win64","ethereum/cpp-dependencies-win64","6250754","Prebuilt Windows 64-bit dependencies for C++.","0","2016-05-11 14:48:48","2022-03-20 23:03:41"
"59019501","cryptopp","ethereum/cryptopp","6250754","","1094","2016-05-17 12:15:40","2022-03-20 23:03:41"
"59065830","remix-ide","ethereum/remix-ide","6250754","Documentation for Remix IDE","74525","2016-05-17 23:17:34","2023-08-24 21:19:56"
"60619500","test-tools","ethereum/test-tools","6250754","Benchmark and test tools for Ethereum","25","2016-06-07 14:22:14","2022-03-20 23:03:53"
"62160941","py-geth","ethereum/py-geth","6250754","Python wrapping for running Go-Ethereum as a subprocess","442","2016-06-28 17:26:30","2023-07-03 09:14:22"
"62554553","hive","ethereum/hive","6250754","Ethereum end-to-end test harness","40940","2016-07-04 10:41:07","2023-08-27 07:44:31"
"62651984","stake-voice","ethereum/stake-voice","6250754","Give Ethereum Stakers a voice","428","2016-07-05 16:20:41","2023-08-12 21:09:45"
"63730598","py-solc","ethereum/py-solc","6250754","Python wrapper around the solc Solidity compiler.","160","2016-07-19 21:55:56","2023-06-17 16:56:32"
"65196733","interfaces","ethereum/interfaces","6250754","Interface Specifications inside Ethereum","0","2016-08-08 10:52:45","2023-02-21 03:01:09"
"65261311","meteor-ethereum-networkinfo","ethereum/meteor-ethereum-networkinfo","6250754","Meteor package to extract and expose Ethereum network information","8","2016-08-09 03:55:08","2022-03-20 23:04:19"
"66214407","evmc","ethereum/evmc","6250754","EVMC – Ethereum Client-VM Connector API","2806","2016-08-21 18:35:02","2023-08-20 06:54:24"
"67120760","swarm-dapps","ethereum/swarm-dapps","6250754","Swarm Đapp Examples","7103","2016-09-01 10:11:30","2023-08-20 21:50:27"
"68220443","oyente","ethereum/oyente","6250754","The project has been moved to this new repo https://github.com/melonproject/oyente","62074","2016-09-14 15:54:20","2023-07-14 12:24:14"
"68502118","ethereum-client-binaries","ethereum/ethereum-client-binaries","6250754","These were Ethereum client binaries in 2018","102","2016-09-18 06:44:52","2023-06-13 15:46:33"
"69717712","pm","ethereum/pm","6250754","Project Management: Meeting notes and agenda items","5806","2016-10-01 03:40:12","2023-08-29 17:40:41"
"73497633","solidity-examples","ethereum/solidity-examples","6250754","Loose collection of Solidity example code","1143","2016-11-11 17:29:00","2023-08-29 11:19:59"
"74160876","statesweep","ethereum/statesweep","6250754","","5309","2016-11-18 19:41:19","2022-08-01 17:14:28"
"74688541","ens-namehash-py","ethereum/ens-namehash-py","6250754","A python implementation of the namehash algorithm from EIP137 ","5","2016-11-24 16:15:08","2022-09-15 16:38:43"
"75014512","ens-registrar-dapp","ethereum/ens-registrar-dapp","6250754","Registrar DApp for the Ethereum Name Service","21543","2016-11-28 21:09:57","2023-03-08 23:30:14"
"77478378","py-evm","ethereum/py-evm","6250754","A Python implementation of the Ethereum Virtual Machine","16236","2016-12-27 19:36:00","2023-08-30 17:41:52"
"79326642","remix-live","ethereum/remix-live","6250754","Live deployment of the remix IDE","135304","2017-01-18 09:55:44","2023-08-25 22:38:13"
"80385354","scavenger_hunt","ethereum/scavenger_hunt","6250754","Scavenger Hunts!","4","2017-01-30 01:21:33","2022-12-24 23:11:01"
"81221757","eth-utils","ethereum/eth-utils","6250754","Utility functions for working with ethereum related codebases.","728","2017-02-07 15:15:18","2023-08-29 06:41:25"
"82832327","cbc-casper","ethereum/cbc-casper","6250754","","740","2017-02-22 17:20:11","2023-08-20 14:15:51"
"83767665","simplecasper","ethereum/simplecasper","6250754","Casper PoC4 implementation","21","2017-03-03 06:55:30","2021-12-21 09:31:04"
"84224101","libsnark","ethereum/libsnark","6250754","C++ library for zkSNARKs","1233","2017-03-07 16:54:24","2022-03-20 23:05:49"
"84573977","ethendance","ethereum/ethendance","6250754","","1","2017-03-10 15:31:49","2023-01-28 05:33:13"
"85063629","solidity-test-bytecode","ethereum/solidity-test-bytecode","6250754","Test repository for cross-platform comparison of the Solidity compiler","37747","2017-03-15 11:18:00","2023-01-28 12:19:46"
"85850137","ropsten","ethereum/ropsten","6250754","Ropsten public testnet PoW chain","13665","2017-03-22 16:17:48","2023-08-18 14:04:25"
"86858254","py-trie","ethereum/py-trie","6250754","Python library which implements the Ethereum Trie structure.","621","2017-03-31 20:34:19","2023-07-30 08:06:48"
"87337451","eth-bloom","ethereum/eth-bloom","6250754","An implementation of the Ethereum bloom filter.","89","2017-04-05 17:26:40","2023-07-17 18:20:52"
"88435839","casper","ethereum/casper","6250754","Casper contract, and related software and tests","534","2017-04-16 18:58:44","2023-07-14 12:23:45"
"92758140","remixd","ethereum/remixd","6250754","remix server","571","2017-05-29 16:46:40","2023-05-05 16:57:16"
"93610217","evmlab","ethereum/evmlab","6250754","Utilities for interacting with the Ethereum virtual machine","3450","2017-06-07 08:17:11","2023-08-22 02:35:48"
"94622634","go-casper","ethereum/go-casper","6250754","","0","2017-06-17 12:33:17","2022-03-20 23:06:35"
"94857054","py_pairing","ethereum/py_pairing","6250754","Elliptic curve operations, including pairings","17","2017-06-20 06:25:07","2023-08-24 07:43:37"
"96364578","eth-tester","ethereum/eth-tester","6250754","Tool suite for testing ethereum applications.","973","2017-07-05 22:00:02","2023-08-30 10:32:04"
"96542036","sharding","ethereum/sharding","6250754","Sharding manager contract, and related software and tests","624","2017-07-07 13:39:20","2023-08-20 03:08:02"
"96947127","moon-lang","ethereum/moon-lang","6250754","Minimal code-interchange format","511","2017-07-12 00:03:31","2023-08-06 21:33:21"
"97318641","py_ecc","ethereum/py_ecc","6250754","Python implementation of ECC pairing and bn_128 and bls12_381 curve operations","426","2017-07-15 13:47:42","2023-08-24 07:43:42"
"97947220","hunter-cache","ethereum/hunter-cache","6250754","","5383","2017-07-21 12:52:11","2021-12-24 07:30:53"
"98058983","pyeth_keys","ethereum/pyeth_keys","6250754","","8","2017-07-22 21:32:07","2021-12-26 19:11:42"
"100675485","moon-tool","ethereum/moon-tool","6250754","Command-lite tool for Moon-lang","32","2017-08-18 05:18:59","2023-06-13 16:10:48"
"100750146","moon-browser","ethereum/moon-browser","6250754","Moon-Browser was a browser for decentralized applications in 2016","174","2017-08-18 21:05:37","2023-06-13 15:56:32"
"100946026","benchmarking","ethereum/benchmarking","6250754","Benchmarking data for EVM ops and precompiles","489","2017-08-21 11:35:16","2023-07-02 10:02:24"
"103953670","snake-charmers-tactical-manual","ethereum/snake-charmers-tactical-manual","6250754","Development *stuff* for the Snake Charmers EF team","121","2017-09-18 15:00:44","2023-08-25 23:34:18"
"104133488","eth-keys","ethereum/eth-keys","6250754","A common API for Ethereum key operations.","224","2017-09-19 21:58:38","2023-08-07 11:00:43"
"104372136","eth-keyfile","ethereum/eth-keyfile","6250754","Tools for handling the encrypted keyfile format used to store private keys.","61","2017-09-21 16:27:16","2023-08-04 03:38:11"
"105900295","langlab","ethereum/langlab","6250754","","132","2017-10-05 14:30:52","2022-03-20 23:07:16"
"115122395","dopple","ethereum/dopple","6250754","Dopple: JSON-RPC Proxy Server","51","2017-12-22 14:27:43","2023-07-27 05:48:11"
"116457726","ethereum-org-website","ethereum/ethereum-org-website","6250754","Ethereum.org is a primary online resource for the Ethereum community.","519133","2018-01-06 05:54:37","2023-08-30 12:37:47"
"118074383","plasma","ethereum/plasma","6250754","","0","2018-01-19 03:54:50","2022-01-10 16:56:52"
"118626260","remix-tests","ethereum/remix-tests","6250754","","153","2018-01-23 15:06:17","2023-01-28 20:09:42"
"118818588","eth-account","ethereum/eth-account","6250754","Account abstraction library for web3.py","840","2018-01-24 20:32:30","2023-08-16 16:04:35"
"118818851","eth-rlp","ethereum/eth-rlp","6250754","STUB","126","2018-01-24 20:35:16","2023-01-19 18:27:25"
"118827328","ethereum-python-project-template","ethereum/ethereum-python-project-template","6250754","Template for new Python Ethereum repositories","142","2018-01-24 21:57:12","2023-04-24 22:31:53"
"118841911","hexbytes","ethereum/hexbytes","6250754","Python `bytes` subclass that decodes hex, with a readable console output","201","2018-01-25 00:53:22","2023-06-29 12:23:21"
"119640408","docker-pyeth-dev","ethereum/docker-pyeth-dev","6250754","Simple pyethapp development environment","72","2018-01-31 05:40:58","2022-03-20 23:08:05"
"120415035","testeth","ethereum/testeth","6250754","One consensus test generator","47273","2018-02-06 07:01:12","2023-01-28 19:31:03"
"120535885","eth-hash","ethereum/eth-hash","6250754","The Ethereum hashing function, keccak256, sometimes (erroneously) called sha256 or sha3","235","2018-02-06 23:23:29","2023-08-21 21:11:16"
"121613183","remix-live-alpha","ethereum/remix-live-alpha","6250754","Live deployment of the remix IDE (alpha)","62967","2018-02-15 09:53:15","2023-07-09 03:02:56"
"122337656","retesteth","ethereum/retesteth","6250754","testeth via RPC. Test run, generation by t8ntool protocol","3679","2018-02-21 13:07:55","2023-08-23 19:01:49"
"122501700","browser-solidity","ethereum/browser-solidity","6250754","Fomer location of remix-ide => https://github.com/ethereum/remix-ide","8948","2018-02-22 16:06:13","2023-06-06 03:03:43"
"122989673","cable","ethereum/cable","6250754","Cable: CMake Bootstrap Library","139","2018-02-26 15:31:32","2023-08-01 22:27:40"
"123197471","trinity","ethereum/trinity","6250754","The Trinity client for the Ethereum network","18698","2018-02-27 22:39:21","2023-08-18 03:40:10"
"125402846","eth-typing","ethereum/eth-typing","6250754","Python types for type hinting commonly used ethereum types","242","2018-03-15 17:24:31","2023-08-22 22:57:23"
"125856788","remix-plugin","ethereum/remix-plugin","6250754","","7612","2018-03-19 12:50:16","2023-08-25 06:15:48"
"126418675","eip_validator","ethereum/eip_validator","6250754","","44","2018-03-23 01:57:48","2022-06-14 16:32:06"
"136359820","eth-typeshed","ethereum/eth-typeshed","6250754","Typing stubs for python ethereum codebase static type checking.","0","2018-06-06 16:58:34","2022-03-20 23:09:03"
"137509648","beacon_chain","ethereum/beacon_chain","6250754","","407","2018-06-15 16:26:28","2023-07-24 12:12:21"
"138255357","eth-wiki","ethereum/eth-wiki","6250754","Ethereum Wiki","2479","2018-06-22 04:42:09","2023-07-28 17:40:29"
"138288634","grid-ui","ethereum/grid-ui","6250754","**DEPRECATED** UI for Ethereum Grid","6228","2018-06-22 10:16:49","2023-01-28 11:40:20"
"139188846","play","ethereum/play","6250754","playproject","30","2018-06-29 19:39:16","2022-01-10 01:11:11"
"140879628","pytest-asyncio-network-simulator","ethereum/pytest-asyncio-network-simulator","6250754","Pluggin for Pytest for testing asyncio applications using a mocked networking layer","54","2018-07-13 18:17:37","2023-04-17 08:06:26"
"140884327","asyncio-cancel-token","ethereum/asyncio-cancel-token","6250754","A cancelation pattern for asyncio applications","506","2018-07-13 19:11:57","2023-08-18 14:32:22"
"143768297","eth2.0-pm","ethereum/eth2.0-pm","6250754","ETH2.0 project management","3013","2018-08-06 18:37:24","2023-07-09 13:22:52"
"144289295","fuzzertests","ethereum/fuzzertests","6250754","Ethereum statetests generated through libfuzzer","0","2018-08-10 13:25:42","2022-03-20 23:09:33"
"145263954","clef-ui","ethereum/clef-ui","6250754"," UI Implementation for Clef, the geth-based signer","15546","2018-08-19 01:22:08","2023-06-13 16:14:40"
"146730940","lahja","ethereum/lahja","6250754","Lahja is a generic multi process event bus implementation written in Python 3.6+ to enable lightweight inter-process communication, based on non-blocking asyncio","475","2018-08-30 10:02:06","2023-04-16 12:50:22"
"147572521","pytest-ethereum","ethereum/pytest-ethereum","6250754","","140","2018-09-05 19:57:19","2022-02-06 14:33:03"
"147740703","twig","ethereum/twig","6250754","","99","2018-09-06 22:30:20","2021-12-26 19:11:58"
"149554797","consensus-specs","ethereum/consensus-specs","6250754","Ethereum Proof-of-Stake Consensus Specifications","18693","2018-09-20 05:12:54","2023-08-30 19:30:21"
"150356790","eth2.0-tests","ethereum/eth2.0-tests","6250754","[DEPRECATED] Common tests for all Eth2.0 implementations","916","2018-09-26 02:24:19","2023-02-15 09:34:08"
"151431989","whisper","ethereum/whisper","6250754","","222","2018-10-03 15:07:48","2023-04-27 08:59:10"
"151755916","evmdasm","ethereum/evmdasm","6250754","A lightweight ethereum evm bytecode instruction registry, disassembler and evmcode manipulation library","57","2018-10-05 17:30:36","2023-08-08 07:38:47"
"152074090","remix-workshops","ethereum/remix-workshops","6250754","","67541","2018-10-08 12:13:29","2023-08-02 12:37:01"
"152124498","py-snappy","ethereum/py-snappy","6250754","A pure python implementation of the Snappy compression algorithm.","1082","2018-10-08 18:08:43","2022-12-03 08:15:07"
"152467973","evmcodegen","ethereum/evmcodegen","6250754","A synthetic evm bytecode generation library and cmdline utility to fuzz the ethereum stack machine","6629","2018-10-10 18:06:28","2023-06-04 04:23:11"
"152623729","testng","ethereum/testng","6250754","","0","2018-10-11 16:37:24","2022-03-20 23:09:54"
"152745337","grid","ethereum/grid","6250754","[DEPRECATED] Download, configure, and run Ethereum nodes and tools","92808","2018-10-12 12:11:46","2023-08-05 10:33:29"
"153663395","py-ssz","ethereum/py-ssz","6250754","Python implementation of the Simple Serialize encoding and decoding","733","2018-10-18 17:41:29","2023-04-22 22:35:26"
"157903851","ethereum-react-components","ethereum/ethereum-react-components","6250754","Ethereum Components Library in React","11294","2018-11-16 18:04:49","2023-01-28 14:07:05"
"158259123","snake-charmers-blog","ethereum/snake-charmers-blog","6250754","","1100","2018-11-19 16:44:52","2021-12-26 19:12:02"
"159798895","grants-advisors","ethereum/grants-advisors","6250754","Resources for advisors to the Ethereum Foundation Grants program","1","2018-11-30 09:20:26","2021-12-26 19:12:02"
"160548111","evmone","ethereum/evmone","6250754","Fast Ethereum Virtual Machine implementation","4123","2018-12-05 16:37:26","2023-08-30 18:21:12"
"161053881","ethsim","ethereum/ethsim","6250754","Simulation/emulation utilities for Ethereum.","4","2018-12-09 15:34:44","2023-01-28 05:33:20"
"161232280","py-wasm","ethereum/py-wasm","6250754","A python implementation of the web assembly interpreter","1568","2018-12-10 20:25:19","2023-07-21 10:24:11"
"162623892","trinity-web","ethereum/trinity-web","6250754","The trinity.ethereum.org web site","3096","2018-12-20 19:37:58","2022-02-15 12:32:43"
"163640630","eth-wiki-test","ethereum/eth-wiki-test","6250754","wiki.js Wiki Test by Hudson","14","2018-12-31 05:04:59","2021-12-18 04:06:54"
"166059416","deposit_contract","ethereum/deposit_contract","6250754","","195","2019-01-16 15:04:08","2022-12-01 09:59:41"
"168132854","eth2.0-test-generators","ethereum/eth2.0-test-generators","6250754","","62","2019-01-29 10:04:47","2022-12-22 19:05:34"
"169161306","mantis-apache2","ethereum/mantis-apache2","6250754","A Scala based client for Ethereum and Ethereum Classic.","17219","2019-02-04 22:41:59","2023-01-27 22:43:04"
"169485513","UniversalLoginSDK","ethereum/UniversalLoginSDK","6250754","Archive of deprecated Universal Login SDK","2019","2019-02-06 22:17:36","2023-06-13 16:13:51"
"172485311","solidity-fuzzing-corpus","ethereum/solidity-fuzzing-corpus","6250754","","75942","2019-02-25 10:31:19","2023-06-09 20:42:35"
"173011022","bimini","ethereum/bimini","6250754","","21128","2019-02-28 00:17:03","2023-01-27 19:06:14"
"173219130","eth-netstats","ethereum/eth-netstats","6250754","Ethereum Network Stats ""Classic""","7560","2019-03-01 02:11:52","2023-07-20 19:57:20"
"173219150","eth-net-intelligence-api","ethereum/eth-net-intelligence-api","6250754","Ethereum Network Intelligence API ""Classic""","283","2019-03-01 02:12:04","2022-06-03 06:06:28"
"183183290","sourcify","ethereum/sourcify","6250754","Decentralized Solidity contract source code verification service","23020","2019-04-24 08:23:22","2023-08-25 22:39:56"
"183460147","consensus-spec-tests","ethereum/consensus-spec-tests","6250754","Common tests for the Ethereum proof-of-stake consensus layer","694980","2019-04-25 15:19:25","2023-08-06 14:23:40"
"186217997","eth2-client-tests","ethereum/eth2-client-tests","6250754","","76","2019-05-12 06:02:32","2023-01-28 07:03:59"
"187529841","ethereum-foundation-website","ethereum/ethereum-foundation-website","6250754","Ethereum.foundation is the primary website for the Ethereum Foundation.","54077","2019-05-19 21:27:25","2023-06-17 15:28:01"
"190342354","beacon-metrics","ethereum/beacon-metrics","6250754","Informative spec for beacon node metrics","17","2019-06-05 06:58:22","2023-08-29 07:31:52"
"194867111","remix-website","ethereum/remix-website","6250754","","62172","2019-07-02 13:20:25","2023-03-12 02:36:04"
"198376360","py-hdwallet","ethereum/py-hdwallet","6250754","","183","2019-07-23 07:28:40","2022-07-11 16:49:31"
"201584176","fe","ethereum/fe","6250754","Emerging smart contract language for the Ethereum blockchain.","11594","2019-08-10 05:24:07","2023-08-30 13:34:06"
"202613633","beacon-APIs","ethereum/beacon-APIs","6250754","Collection of RESTful APIs provided by Ethereum Beacon nodes","8819","2019-08-15 21:27:12","2023-08-27 03:47:39"
"204730283","remix-plugins-directory","ethereum/remix-plugins-directory","6250754","Remix plugins directory","7101","2019-08-27 15:13:37","2023-07-02 16:48:24"
"205822906","Yul-K","ethereum/Yul-K","6250754","Formal semantics of the yul language","177","2019-09-02 09:29:01","2023-04-18 09:00:55"
"207387798","trio-run-in-process","ethereum/trio-run-in-process","6250754","Trio-based API for running code in other processes","119","2019-09-09 19:25:24","2022-11-26 05:28:42"
"208307278","act","ethereum/act","6250754","Smart contract specification language","4191","2019-09-13 16:50:11","2023-08-22 22:39:32"
"209147015","blake2b-py","ethereum/blake2b-py","6250754","Blake2b hashing in Rust with Python bindings.","204","2019-09-17 20:07:38","2023-05-17 23:08:35"
"209484673","remix-desktop","ethereum/remix-desktop","6250754","Remix IDE desktop","2305","2019-09-19 07:00:45","2023-08-28 02:58:24"
"210826773","cpp-build-env","ethereum/cpp-build-env","6250754","Docker images for building C++ projects","27","2019-09-25 11:20:32","2023-02-22 08:11:25"
"210944178","js-ethereum-cryptography","ethereum/js-ethereum-cryptography","6250754","Every cryptographic primitive needed to work on Ethereum, for the browser and Node.js","1541","2019-09-25 21:32:13","2023-08-30 14:27:59"
"219834578","asyncio-run-in-process","ethereum/asyncio-run-in-process","6250754","A simple asyncio friendly replacement for multiprocessing to run coroutines in a separate process.","148","2019-11-05 19:32:31","2022-10-09 11:36:40"
"221425105","js-team-organization","ethereum/js-team-organization","6250754","EF JavaScript Team Organisation","1579","2019-11-13 09:46:20","2023-03-10 03:59:04"
"222621196","esp-website","ethereum/esp-website","6250754","Website for the Ethereum Foundation's Ecosystem Support Program (ESP):","54512","2019-11-19 06:07:58","2023-08-15 11:10:32"
"222820906","async-service","ethereum/async-service","6250754","Lifecycle management for async applications","278","2019-11-20 01:04:33","2022-01-10 16:57:58"
"225727683","aio-run-in-process","ethereum/aio-run-in-process","6250754","Async friendly replacement for multiprocessing for asyncio or trio","95","2019-12-03 22:14:05","2021-12-26 19:12:18"
"232169517","eth2.0-onboarding","ethereum/eth2.0-onboarding","6250754","Additional eth2 documents and explanations to aid onboarding","399","2020-01-06 19:23:54","2022-10-04 16:50:45"
"232799436","solidity-blog","ethereum/solidity-blog","6250754","Collection of articles about the Solidity language and compiler","20161","2020-01-09 12:04:21","2023-07-13 10:36:07"
"232819364","rig","ethereum/rig","6250754","Robust Incentives Group","87086","2020-01-09 13:47:12","2023-08-28 09:33:13"
"235634201","portal-network-specs","ethereum/portal-network-specs","6250754","Official repository for specifications for the Portal Network","884","2020-01-22 18:08:10","2023-08-25 08:18:33"
"236456856","staking-launchpad","ethereum/staking-launchpad","6250754","The deposit launchpad for staking on Ethereum 🦏","36773","2020-01-27 09:32:09","2023-08-21 21:11:30"
"238562715","awesome-remix","ethereum/awesome-remix","6250754","","13","2020-02-05 22:38:42","2023-05-04 11:13:08"
"238683184","discv4-dns-lists","ethereum/discv4-dns-lists","6250754","","3663586","2020-02-06 12:24:15","2023-08-30 00:35:49"
"239465466","staking-deposit-cli","ethereum/staking-deposit-cli","6250754","Secure key generation for deposits","978","2020-02-10 08:47:18","2023-08-25 23:07:29"
"241066884","solidity-summit","ethereum/solidity-summit","6250754","Website of the Solidity Summit conference series","22419","2020-02-17 09:26:00","2023-07-19 23:12:39"
"248697283","remix-project","ethereum/remix-project","6250754","Remix is a browser-based compiler and IDE that enables users to build Ethereum contracts with Solidity language and to debug transactions.","159189","2020-03-20 07:49:48","2023-08-29 12:24:43"
"252103549","remix-live-beta","ethereum/remix-live-beta","6250754","","116012","2020-04-01 07:30:03","2023-06-20 11:09:20"
"253055995","alexandria","ethereum/alexandria","6250754","","521","2020-04-04 17:15:25","2021-12-26 19:12:22"
"259418252","cthaeh","ethereum/cthaeh","6250754","A standalone application which serves the Ethereum JSON-RPC log filtering APIs","250","2020-04-27 18:30:23","2021-12-26 19:12:23"
"263958430","eth-orm","ethereum/eth-orm","6250754","SQLAlchemy models and utilities for loading the Ethereum blockchain into a relational database","96","2020-05-14 15:50:50","2022-09-24 13:42:54"
"264182989","ethereum-binaries","ethereum/ethereum-binaries","6250754","Fast, easy and secure Ethereum binary management","3499","2020-05-15 12:04:04","2023-07-24 06:17:12"
"273040274","solidity-buildpack-deps","ethereum/solidity-buildpack-deps","6250754","Source files for docker images used to build the Solidity compiler.","22","2020-06-17 17:37:24","2022-12-26 12:46:43"
"275951184","eipv","ethereum/eipv","6250754","Ethereum Improvement Proposal Validator","107","2020-06-29 23:49:32","2023-07-28 06:58:19"
"277483761","beaconrunner","ethereum/beaconrunner","6250754","Agent-based simulation environment for PoS Ethereum","4278","2020-07-06 08:20:38","2023-07-27 21:57:55"
"277769622","abm1559","ethereum/abm1559","6250754","Transaction markets in Python","18051","2020-07-07 09:09:17","2023-08-07 10:44:33"
"280192771","solidity-portal","ethereum/solidity-portal","6250754","The Solidity Language Portal is a high-level information page for Solidity, aiming to present consolidated news and making visitors aware of and leading them to relevant other websites.","400","2020-07-16 15:41:45","2023-07-21 15:24:04"
"280201258","fv-blog","ethereum/fv-blog","6250754","Formal verification blog","3575","2020-07-16 16:18:57","2022-01-17 17:08:02"
"281122279","public-attacknets","ethereum/public-attacknets","6250754","Public attacknets available for eth2","62","2020-07-20 13:21:41","2023-03-18 07:51:57"
"282279267","ddht","ethereum/ddht","6250754","Python implementation of Discovery V5 Protocol","1554","2020-07-24 17:29:03","2022-10-04 06:55:12"
"285476915","annotated-spec","ethereum/annotated-spec","6250754","Vitalik's annotated eth2 spec. Not intended to be ""the"" annotated spec; other documents like Ben Edgington's https://benjaminion.xyz/eth2-annotated-spec/ also exist. This one is intended to focus more on design rationale.","988","2020-08-06 04:53:52","2023-08-20 03:07:23"
"286791346","execution-specs","ethereum/execution-specs","6250754","Specification for the Execution Layer. Tracking network upgrades.","153344","2020-08-11 16:15:50","2023-08-30 19:27:16"
"289991553","trinity-eth2","ethereum/trinity-eth2","6250754","The Trinity client for the Eth2 network","17843","2020-08-24 17:15:49","2022-08-04 07:04:36"
"291139802","upnp-port-forward","ethereum/upnp-port-forward","6250754","UPnP port forwarding for humans","118","2020-08-28 20:26:37","2021-11-04 14:07:33"
"291838181","eth-enr","ethereum/eth-enr","6250754","Ethereum Name Record (ENR) library for Python","159","2020-08-31 22:30:05","2022-03-20 23:11:56"
"295414509","nodemonitor","ethereum/nodemonitor","6250754","A little node monitoring utility","641","2020-09-14 12:49:18","2023-08-18 14:51:15"
"297907245","solidity-underhanded-contest","ethereum/solidity-underhanded-contest","6250754","Website for the Underhanded Solidity Contest","3968","2020-09-23 08:42:18","2023-08-28 04:00:34"
"309505199","fellowship-program-website","ethereum/fellowship-program-website","6250754","Website for the Ethereum Foundation's Fellowship Program:","13863","2020-11-02 21:58:21","2023-06-26 15:37:35"
"315409212","remix-theia","ethereum/remix-theia","6250754","","284","2020-11-23 18:45:15","2021-11-04 14:07:50"
"327610959","yul-isabelle","ethereum/yul-isabelle","6250754","","1163","2021-01-07 12:51:56","2023-08-29 17:46:53"
"338460624","trin","ethereum/trin","6250754","An Ethereum portal client: a json-rpc server with nearly instant sync, and low CPU & storage usage","6918","2021-02-12 23:50:20","2023-08-29 07:01:15"
"342460405","ssv","ethereum/ssv","6250754","The repository has moved to https://github.com/bloxapp/ssv","15961","2021-02-26 04:16:02","2023-01-28 03:02:07"
"347575693","EIP-Bot","ethereum/EIP-Bot","6250754","A collection of bots that make life easier on editors","33701","2021-03-14 07:50:26","2023-07-28 06:58:36"
"348333816","remix-vscode","ethereum/remix-vscode","6250754","Remix VS Code extension","29180","2021-03-16 12:10:58","2023-08-03 23:18:16"
"351413116","clrfund","ethereum/clrfund","6250754","Eth2 CLR project built on clr.fund","70831","2021-03-25 11:34:24","2023-08-26 20:09:39"
"357262343","rayonism","ethereum/rayonism","6250754","DEPRECATED","47","2021-04-12 16:21:54","2023-01-28 05:33:04"
"358600482","requests-for-proposals","ethereum/requests-for-proposals","6250754","","47","2021-04-16 12:59:58","2023-08-24 14:50:09"
"359791908","discv4-crawl","ethereum/discv4-crawl","6250754","","1144","2021-04-20 11:32:52","2023-01-30 13:43:01"
"377601306","execution-apis","ethereum/execution-apis","6250754","Collection of APIs provided by Ethereum execution layer clients ","7364","2021-06-16 19:08:14","2023-08-27 12:02:43"
"385735422","node-crawler","ethereum/node-crawler","6250754","Attempts to crawl the Ethereum network of valid Ethereum Nodes and visualizes them in a nice web dashboard.","902","2021-07-13 21:07:20","2023-08-17 13:05:58"
"390121015","bls12-381-tests","ethereum/bls12-381-tests","6250754","","142","2021-07-27 20:41:42","2022-09-28 14:26:56"
"404367965","consensus-deployment-ansible","ethereum/consensus-deployment-ansible","6250754","","1937","2021-09-08 13:57:15","2023-06-12 11:13:10"
"406290650","verkle-dev-website","ethereum/verkle-dev-website","6250754","Github Pages: https://verkle.dev","4246","2021-09-14 08:44:18","2023-03-12 21:03:16"
"414200753","legacytests","ethereum/legacytests","6250754","","37641","2021-10-06 12:21:39","2023-05-17 04:54:02"
"420141223","cryptography-research-website","ethereum/cryptography-research-website","6250754","Ethereum Foundation Cryptography Research Website","44371","2021-10-22 15:02:21","2023-08-02 11:25:08"
"421882692","distributed-validator-specs","ethereum/distributed-validator-specs","6250754","Ethereum Distributed Validator Specifications","2266","2021-10-27 15:56:26","2023-08-11 04:44:47"
"424617666","GitSync","ethereum/GitSync","6250754","Synchronization of Ethereum GitHub repos to other git hosting services","1182","2021-11-04 14:05:31","2023-02-16 11:45:07"
"425057268","keymanager-APIs","ethereum/keymanager-APIs","6250754","Collection of RESTful APIs provided by Ethereum consensus keymanagers","2690","2021-11-05 19:06:32","2023-08-13 00:59:16"
"467299188","public-disclosures","ethereum/public-disclosures","6250754","","39","2022-03-07 23:56:29","2023-08-24 14:42:00"
"472449369","merge-testnet-verifier","ethereum/merge-testnet-verifier","6250754","Merge Testnet module to probe and verify certain aspects of the testnet during its lifetime.","127","2022-03-21 17:48:37","2022-09-14 15:18:59"
"488300798","builder-specs","ethereum/builder-specs","6250754","Specification for the external block builders.","2777","2022-05-03 17:23:04","2023-08-24 19:28:57"
"491252955","eth-portal","ethereum/eth-portal","6250754","A collection of utilities related to Ethereum's Portal Network","392","2022-05-11 19:51:04","2023-01-20 17:59:21"
"493907618","kzg-ceremony","ethereum/kzg-ceremony","6250754","Resources and documentation related to the ongoing Ethereum KZG Ceremony.","11527","2022-05-19 03:31:47","2023-08-29 06:03:21"
"499197409","kzg-ceremony-specs","ethereum/kzg-ceremony-specs","6250754","Specs for Ethereum's KZG Powers of Tau Ceremony","323","2022-06-02 15:49:26","2023-08-24 14:28:12"
"509161373","eipw","ethereum/eipw","6250754","","503","2022-06-30 16:50:26","2023-08-09 23:20:42"
"511364371","eipw-action","ethereum/eipw-action","6250754","Action for executing eipw, the EIP validator","2714","2022-07-07 03:02:51","2022-08-19 02:59:36"
"518448564","geth-website","ethereum/geth-website","6250754","This was a temporary home for the new Geth website","8440","2022-07-27 12:26:07","2023-05-10 06:28:25"
"519226810","eip-review-bot","ethereum/eip-review-bot","6250754","Request reviewers for EIP modifications","1696","2022-07-29 13:33:29","2023-08-25 03:39:23"
"523464473","devops-test-prater-redirect","ethereum/devops-test-prater-redirect","6250754","","12","2022-08-10 19:01:23","2022-08-15 10:21:24"
"530347998","hevm","ethereum/hevm","6250754","symbolic EVM evaluator","12106","2022-08-29 18:39:09","2023-08-25 18:52:50"
"534738043","kzg-ceremony-sequencer","ethereum/kzg-ceremony-sequencer","6250754","","921","2022-09-09 17:17:58","2023-08-19 21:05:21"
"538734239","portal-accumulators","ethereum/portal-accumulators","6250754","","1234623","2022-09-19 23:33:26","2023-04-06 18:50:59"
"538918098","secure-drop","ethereum/secure-drop","6250754","A service to encrypt messages and documents in browser for secure transmission","1073","2022-09-20 09:55:31","2023-07-27 21:23:50"
"553749291","execution-spec-tests","ethereum/execution-spec-tests","6250754","A Python framework and collection of test cases to generate test vectors for Ethereum execution clients","37693","2022-10-18 17:52:59","2023-08-24 06:44:06"
"554403346","glados","ethereum/glados","6250754","Portal network monitoring application.","752","2022-10-19 18:56:15","2023-08-30 07:16:27"
"561300041","tlsnotary-old-website","ethereum/tlsnotary-old-website","6250754","A copy of the https://tlsnotary.org/","2550","2022-11-03 11:54:17","2022-11-08 22:14:48"
"567131022","utp","ethereum/utp","6250754","uTorrent transport protocol","98","2022-11-17 06:10:50","2023-08-24 17:18:42"
"567187305","portal-hive","ethereum/portal-hive","6250754","Portal Network end-to-end test harness","38733","2022-11-17 09:01:10","2023-08-29 04:57:39"
"567729203","c-kzg-4844","ethereum/c-kzg-4844","6250754","Minimal 4844 version of c-kzg","14199","2022-11-18 12:46:58","2023-08-24 06:20:52"
"581315860","pos-evolution","ethereum/pos-evolution","6250754","Evolution of the Ethereum Proof-of-Stake Consensus Protocol","89","2022-12-22 21:07:43","2023-07-19 13:31:54"